Date,Energy_Consumption_kWh,Water_Production_m3,Temperature_C,Seasonal_Demand_Index,Operating_Period,Known_Anomaly_Flag,Specific_Energy_Consumption_kWh_per_m3
2023-01-01,406888.0,111995.0,22.3,0.613,Normal,0,3.633
2023-01-02,421445.0,112485.0,21.0,0.581,Normal,0,3.747
2023-01-03,416234.0,111656.0,22.8,0.625,Normal,0,3.728
2023-01-04,417139.0,112866.0,22.9,0.627,Normal,0,3.696
2023-01-05,400300.0,110956.0,20.0,0.557,Normal,0,3.608
2023-01-06,405488.0,112896.0,20.7,0.574,Normal,0,3.592
2023-01-07,405466.0,113752.0,22.1,0.608,Normal,0,3.564
2023-01-08,381392.0,107454.0,21.7,0.598,Normal,0,3.549
2023-01-09,393451.0,106070.0,22.0,0.606,Normal,0,3.709
2023-01-10,431613.0,113686.0,21.1,0.584,Normal,0,3.797
2023-01-11,427254.0,115140.0,22.9,0.627,Normal,0,3.711
2023-01-12,388846.0,109573.0,22.8,0.625,Normal,0,3.549
2023-01-13,394173.0,107084.0,22.1,0.608,Normal,0,3.681
2023-01-14,413188.0,112534.0,23.1,0.632,Normal,0,3.672
2023-01-15,443144.0,114291.0,22.5,0.618,Normal,0,3.877
2023-01-16,416688.0,115676.0,21.1,0.584,Normal,0,3.602
2023-01-17,413863.0,113186.0,22.4,0.615,Normal,0,3.656
2023-01-18,425835.0,110184.0,21.0,0.581,Normal,0,3.865
2023-01-19,413594.0,109938.0,22.9,0.627,Normal,0,3.762
2023-01-20,422461.0,111717.0,22.0,0.606,Normal,0,3.782
2023-01-21,416753.0,110825.0,21.8,0.601,Normal,0,3.76
2023-01-22,403390.0,108759.0,21.3,0.589,Normal,0,3.709
2023-01-23,441247.0,117477.0,23.2,0.635,Normal,0,3.756
2023-01-24,421843.0,116036.0,21.8,0.601,Normal,0,3.635
2023-01-25,430839.0,114298.0,21.6,0.596,Normal,0,3.769
2023-01-26,390492.0,109156.0,21.6,0.596,Normal,0,3.577
2023-01-27,420522.0,114102.0,22.5,0.618,Normal,0,3.685
2023-01-28,421722.0,113494.0,22.4,0.615,Normal,0,3.716
2023-01-29,410156.0,113001.0,22.4,0.615,Normal,0,3.63
2023-01-30,425404.0,115019.0,22.4,0.615,Normal,0,3.699
2023-01-31,414344.0,114426.0,24.1,0.656,Normal,0,3.621
2023-02-01,408746.0,114136.0,23.1,0.632,Normal,0,3.581
2023-02-02,418257.0,113832.0,23.0,0.63,Normal,0,3.674
2023-02-03,408121.0,112931.0,22.7,0.623,Normal,0,3.614
2023-02-04,405060.0,108379.0,24.1,0.656,Normal,0,3.737
2023-02-05,414415.0,113346.0,24.6,0.669,Normal,0,3.656
2023-02-06,544118.0,111080.0,23.4,0.64,Normal,1,4.898
2023-02-07,394109.0,108879.0,22.7,0.623,Normal,0,3.62
2023-02-08,421304.0,116284.0,22.7,0.623,Normal,0,3.623
2023-02-09,422811.0,117229.0,24.2,0.659,Normal,0,3.607
2023-02-10,446262.0,116305.0,24.2,0.659,Normal,0,3.837
2023-02-11,419090.0,113430.0,24.0,0.654,Normal,0,3.695
2023-02-12,421834.0,115502.0,22.8,0.625,Normal,0,3.652
2023-02-13,420590.0,112661.0,23.7,0.647,Normal,0,3.733
2023-02-14,398405.0,113069.0,23.6,0.644,Normal,0,3.524
2023-02-15,403111.0,109897.0,23.7,0.647,Normal,0,3.668
2023-02-16,438100.0,114014.0,24.4,0.664,Normal,0,3.843
2023-02-17,421533.0,112782.0,23.7,0.647,Normal,0,3.738
2023-02-18,403261.0,109650.0,24.2,0.659,Normal,0,3.678
2023-02-19,416184.0,112434.0,23.6,0.644,Normal,0,3.702
2023-02-20,426391.0,112478.0,23.8,0.649,Normal,0,3.791
2023-02-21,415677.0,117332.0,24.1,0.656,Normal,0,3.543
2023-02-22,404369.0,113924.0,22.0,0.606,Normal,0,3.549
2023-02-23,412578.0,112384.0,23.2,0.635,Normal,0,3.671
2023-02-24,408568.0,112862.0,23.0,0.63,Normal,0,3.62
2023-02-25,426820.0,112282.0,22.9,0.627,Normal,0,3.801
2023-02-26,414167.0,111848.0,23.2,0.635,Normal,0,3.703
2023-02-27,388075.0,110638.0,25.0,0.678,Normal,0,3.508
2023-02-28,401398.0,111632.0,22.6,0.62,Normal,0,3.596
2023-03-01,392902.0,113043.0,27.8,0.746,Normal,0,3.476
2023-03-02,397905.0,110333.0,25.2,0.683,Normal,0,3.606
2023-03-03,426469.0,115473.0,26.5,0.715,Normal,0,3.693
2023-03-04,417323.0,115449.0,27.0,0.727,Normal,0,3.615
2023-03-05,416212.0,110211.0,27.4,0.736,Normal,0,3.777
2023-03-06,432756.0,114486.0,27.6,0.741,Normal,0,3.78
2023-03-07,432782.0,117282.0,27.6,0.741,Normal,0,3.69
2023-03-08,,116843.0,26.5,0.715,Normal,0,
2023-03-09,428185.0,116691.0,26.4,0.712,Normal,0,3.669
2023-03-10,425453.0,114959.0,27.7,0.744,Normal,0,3.701
2023-03-11,416293.0,112174.0,26.7,0.719,Normal,0,3.711
2023-03-12,417407.0,110980.0,25.6,0.693,Normal,0,3.761
2023-03-13,413065.0,114597.0,25.7,0.695,Normal,0,3.605
2023-03-14,443762.0,114798.0,25.9,0.7,Normal,0,3.866
2023-03-15,426097.0,117850.0,27.3,0.734,Normal,0,3.616
2023-03-16,437571.0,117221.0,27.0,0.727,Normal,0,3.733
2023-03-17,399849.0,114416.0,27.5,0.739,Normal,0,3.495
2023-03-18,399421.0,111015.0,26.4,0.712,Normal,0,3.598
2023-03-19,433418.0,113673.0,27.0,0.727,Normal,0,3.813
2023-03-20,418308.0,115290.0,27.5,0.739,Normal,0,3.628
2023-03-21,428201.0,113690.0,26.5,0.715,Normal,0,3.766
2023-03-22,421359.0,113187.0,27.3,0.734,Normal,0,3.723
2023-03-23,421666.0,114643.0,26.2,0.707,Normal,0,3.678
2023-03-24,419071.0,112935.0,26.5,0.715,Normal,0,3.711
2023-03-25,408854.0,112625.0,26.5,0.715,Normal,0,3.63
2023-03-26,411356.0,114514.0,25.7,0.695,Normal,0,3.592
2023-03-27,409135.0,113627.0,27.3,0.734,Normal,0,3.601
2023-03-28,421599.0,114736.0,26.4,0.712,Normal,0,3.675
2023-03-29,430870.0,115085.0,26.9,0.724,Normal,0,3.744
2023-03-30,397448.0,111783.0,27.3,0.734,Normal,0,3.556
2023-03-31,414104.0,113429.0,27.3,0.734,Normal,0,3.651
2023-04-01,436565.0,120664.0,31.7,0.84,Peak,0,3.618
2023-04-02,414854.0,113728.0,30.9,0.821,Peak,0,3.648
2023-04-03,396629.0,111180.0,30.6,0.814,Peak,0,3.567
2023-04-04,406976.0,111978.0,30.9,0.821,Peak,0,3.634
2023-04-05,425107.0,115809.0,29.3,0.782,Peak,0,3.671
2023-04-06,435635.0,115997.0,29.6,0.79,Peak,0,3.756
2023-04-07,427093.0,115672.0,29.7,0.792,Peak,0,3.692
2023-04-08,436715.0,119162.0,30.0,0.799,Peak,0,3.665
2023-04-09,403966.0,110227.0,31.4,0.833,Peak,0,3.665
2023-04-10,434528.0,117186.0,30.1,0.802,Peak,0,3.708
2023-04-11,431701.0,120376.0,30.6,0.814,Peak,0,3.586
2023-04-12,531670.0,114596.0,32.3,0.855,Peak,1,4.64
2023-04-13,417484.0,115522.0,30.6,0.814,Peak,0,3.614
2023-04-14,423550.0,115188.0,31.7,0.84,Peak,0,3.677
2023-04-15,405145.0,113960.0,30.1,0.802,Peak,0,3.555
2023-04-16,424172.0,115771.0,30.8,0.819,Peak,0,3.664
2023-04-17,444756.0,119696.0,30.0,0.799,Peak,0,3.716
2023-04-18,426591.0,121111.0,30.7,0.816,Peak,0,3.522
2023-04-19,423190.0,116299.0,31.8,0.843,Peak,0,3.639
2023-04-20,431505.0,120499.0,29.3,0.782,Peak,0,3.581
2023-04-21,430216.0,116998.0,31.4,0.833,Peak,0,3.677
2023-04-22,444420.0,121178.0,31.2,0.828,Peak,0,3.667
2023-04-23,410665.0,116124.0,30.4,0.809,Peak,0,3.536
2023-04-24,420532.0,116248.0,29.6,0.79,Peak,0,3.618
2023-04-25,431167.0,117662.0,31.1,0.826,Peak,0,3.664
2023-04-26,469291.0,124350.0,30.5,0.811,Peak,0,3.774
2023-04-27,415050.0,118922.0,31.2,0.828,Peak,0,3.49
2023-04-28,426667.0,114911.0,31.0,0.823,Peak,0,3.713
2023-04-29,450783.0,119998.0,32.6,0.862,Peak,0,3.757
2023-04-30,426564.0,115682.0,30.8,0.819,Peak,0,3.687
2023-05-01,432798.0,117088.0,33.9,0.894,Peak,0,3.696
2023-05-02,436477.0,121251.0,35.1,0.923,Peak,0,3.6
2023-05-03,433921.0,119057.0,35.1,0.923,Peak,0,3.645
2023-05-04,421508.0,120342.0,36.3,0.952,Peak,0,3.503
2023-05-05,413504.0,119336.0,35.7,0.937,Peak,0,3.465
2023-05-06,452669.0,119912.0,35.3,0.927,Peak,0,3.775
2023-05-07,429076.0,120754.0,36.4,0.954,Peak,0,3.553
2023-05-08,411320.0,113355.0,33.7,0.889,Peak,0,3.629
2023-05-09,428822.0,120185.0,34.3,0.903,Peak,0,3.568
2023-05-10,413531.0,115903.0,34.0,0.896,Peak,0,3.568
2023-05-11,418255.0,115028.0,34.5,0.908,Peak,0,3.636
2023-05-12,416669.0,117936.0,33.5,0.884,Peak,0,3.533
2023-05-13,440141.0,119396.0,35.5,0.932,Peak,0,3.686
2023-05-14,424418.0,117015.0,34.7,0.913,Peak,0,3.627
2023-05-15,445967.0,120091.0,33.4,0.881,Peak,0,3.714
2023-05-16,422544.0,114957.0,33.9,0.894,Peak,0,3.676
2023-05-17,448052.0,118008.0,35.2,0.925,Peak,0,3.797
2023-05-18,416547.0,117839.0,35.7,0.937,Peak,0,3.535
2023-05-19,430756.0,119852.0,36.9,0.966,Peak,0,3.594
2023-05-20,451976.0,121171.0,37.8,0.988,Peak,0,3.73
2023-05-21,436589.0,116551.0,35.3,0.927,Peak,0,3.746
2023-05-22,423212.0,120123.0,33.9,0.894,Peak,0,3.523
2023-05-23,428030.0,117849.0,32.8,0.867,Peak,0,3.632
2023-05-24,437596.0,114295.0,35.2,0.925,Peak,0,3.829
2023-05-25,421677.0,113508.0,34.1,0.898,Peak,0,3.715
2023-05-26,437620.0,118603.0,34.5,0.908,Peak,0,3.69
2023-05-27,430914.0,117967.0,34.3,0.903,Peak,0,3.653
2023-05-28,433036.0,118536.0,34.8,0.915,Peak,0,3.653
2023-05-29,436910.0,119392.0,36.0,0.944,Peak,0,3.659
2023-05-30,427120.0,119543.0,35.1,0.923,Peak,0,3.573
2023-05-31,440548.0,121118.0,34.7,0.913,Peak,0,3.637
2023-06-01,427025.0,116247.0,35.2,0.925,Peak,0,3.673
2023-06-02,413054.0,115704.0,34.5,0.908,Peak,0,3.57
2023-06-03,429207.0,116568.0,35.7,0.937,Peak,0,3.682
2023-06-04,463717.0,120253.0,36.1,0.947,Peak,0,3.856
2023-06-05,436060.0,123701.0,38.0,0.993,Peak,0,3.525
2023-06-06,436962.0,118568.0,36.3,0.952,Peak,0,3.685
2023-06-07,409491.0,113875.0,37.2,0.973,Peak,0,3.596
2023-06-08,426493.0,115041.0,35.7,0.937,Peak,0,3.707
2023-06-09,426350.0,116827.0,35.0,0.92,Peak,0,3.649
2023-06-09,426350.0,116827.0,35.0,0.92,Peak,0,3.649
2023-06-10,436572.0,117631.0,35.2,0.925,Peak,0,3.711
2023-06-11,438135.0,118165.0,35.5,0.932,Peak,0,3.708
2023-06-12,434113.0,120846.0,38.3,1.0,Peak,0,3.592
2023-06-13,442496.0,118361.0,35.4,0.93,Peak,0,3.739
2023-06-14,423885.0,122660.0,37.0,0.969,Peak,0,3.456
2023-06-15,446431.0,117381.0,35.3,0.927,Peak,0,3.803
2023-06-16,437225.0,117927.0,37.1,0.971,Peak,0,3.708
2023-06-17,455342.0,121004.0,36.6,0.959,Peak,0,3.763
2023-06-18,406979.0,115623.0,36.0,0.944,Peak,0,3.52
2023-06-19,429705.0,120551.0,36.2,0.949,Peak,0,3.565
2023-06-20,437980.0,119442.0,35.5,0.932,Peak,0,3.667
2023-06-21,442038.0,119438.0,36.6,0.959,Peak,0,3.701
2023-06-22,455975.0,123272.0,35.7,0.937,Peak,0,3.699
2023-06-23,441453.0,117354.0,35.0,0.92,Peak,0,3.762
2023-06-24,433120.0,124015.0,34.9,0.918,Peak,0,3.492
2023-06-25,440224.0,119128.0,36.4,0.954,Peak,0,3.695
2023-06-26,428782.0,117281.0,37.8,0.988,Peak,0,3.656
2023-06-27,,119867.0,36.4,0.954,Peak,0,
2023-06-28,411093.0,116840.0,36.1,0.947,Peak,0,3.518
2023-06-29,433411.0,117859.0,36.5,0.956,Peak,0,3.677
2023-06-30,422192.0,121306.0,37.5,0.981,Peak,0,3.48
2023-07-01,,120414.0,35.2,0.925,Peak,0,
2023-07-02,405982.0,117125.0,34.6,0.91,Peak,0,3.466
2023-07-03,446035.0,122000.0,36.1,0.947,Peak,0,3.656
2023-07-04,441203.0,122034.0,35.4,0.93,Peak,0,3.615
2023-07-05,460219.0,123329.0,36.5,0.956,Peak,0,3.732
2023-07-06,436553.0,120349.0,35.2,0.925,Peak,0,3.627
2023-07-07,436299.0,121652.0,33.8,0.891,Peak,0,3.586
2023-07-08,412267.0,113426.0,33.6,0.886,Peak,0,3.635
2023-07-09,440725.0,119058.0,36.7,0.961,Peak,0,3.702
2023-07-10,431795.0,117685.0,36.7,0.961,Peak,0,3.669
2023-07-11,432608.0,119093.0,34.8,0.915,Peak,0,3.633
2023-07-12,423671.0,117251.0,34.6,0.91,Peak,0,3.613
2023-07-13,414456.0,119323.0,36.5,0.956,Peak,0,3.473
2023-07-14,454546.0,123017.0,33.9,0.894,Peak,0,3.695
2023-07-15,417337.0,117980.0,34.1,0.898,Peak,0,3.537
2023-07-16,445225.0,120289.0,35.6,0.935,Peak,0,3.701
2023-07-17,426100.0,118099.0,34.6,0.91,Peak,0,3.608
2023-07-18,459017.0,119099.0,35.0,0.92,Peak,0,3.854
2023-07-19,417781.0,118810.0,34.8,0.915,Peak,0,3.516
2023-07-20,437862.0,120192.0,35.3,0.927,Peak,0,3.643
2023-07-21,460991.0,122605.0,36.4,0.954,Peak,0,3.76
2023-07-22,456666.0,123097.0,35.1,0.923,Peak,0,3.71
2023-07-23,429185.0,120029.0,35.6,0.935,Peak,0,3.576
2023-07-24,437145.0,119211.0,32.9,0.869,Peak,0,3.667
2023-07-25,421272.0,116033.0,35.0,0.92,Peak,0,3.631
2023-07-26,435941.0,118253.0,34.2,0.901,Peak,0,3.687
2023-07-27,432006.0,120594.0,33.8,0.891,Peak,0,3.582
2023-07-28,441929.0,120569.0,34.1,0.898,Peak,0,3.665
2023-07-29,420535.0,119278.0,34.7,0.913,Peak,0,3.526
2023-07-30,442004.0,121632.0,35.9,0.942,Peak,0,3.634
2023-07-31,437642.0,119424.0,33.7,0.889,Peak,0,3.665
2023-08-01,435463.0,121313.0,33.9,0.894,Peak,0,3.59
2023-08-02,419149.0,118736.0,33.4,0.881,Peak,0,3.53
2023-08-03,436365.0,117239.0,33.6,0.886,Peak,0,3.722
2023-08-04,432743.0,119704.0,34.9,0.918,Peak,0,3.615
2023-08-05,398312.0,111262.0,34.4,0.906,Peak,0,3.58
2023-08-06,431824.0,119982.0,35.2,0.925,Peak,0,3.599
2023-08-07,390492.0,109076.0,33.7,0.889,Peak,0,3.58
2023-08-08,400913.0,113612.0,33.2,0.877,Peak,0,3.529
2023-08-09,426131.0,119326.0,33.7,0.889,Peak,0,3.571
2023-08-10,451456.0,119598.0,34.1,0.898,Peak,0,3.775
2023-08-11,419849.0,115498.0,34.1,0.898,Peak,0,3.635
2023-08-12,498389.0,115911.0,32.8,0.867,Peak,1,4.3
2023-08-13,437110.0,121784.0,34.0,0.896,Peak,0,3.589
2023-08-14,431935.0,117194.0,34.1,0.898,Peak,0,3.686
2023-08-15,447241.0,125299.0,36.4,0.954,Peak,0,3.569
2023-08-16,437480.0,119365.0,35.8,0.94,Peak,0,3.665
2023-08-17,428204.0,118826.0,33.0,0.872,Peak,0,3.604
2023-08-18,435110.0,122170.0,33.6,0.886,Peak,0,3.562
2023-08-19,416365.0,117789.0,32.4,0.857,Peak,0,3.535
2023-08-20,417314.0,115461.0,33.3,0.879,Peak,0,3.614
2023-08-21,422905.0,118199.0,34.2,0.901,Peak,0,3.578
2023-08-22,443583.0,118890.0,35.1,0.923,Peak,0,3.731
2023-08-23,412560.0,114509.0,33.2,0.877,Peak,0,3.603
2023-08-24,450725.0,117281.0,33.2,0.877,Peak,0,3.843
2023-08-25,411421.0,115284.0,31.8,0.843,Peak,0,3.569
2023-08-26,437221.0,120508.0,33.7,0.889,Peak,0,3.628
2023-08-27,422921.0,117778.0,32.8,0.867,Peak,0,3.591
2023-08-28,420806.0,117306.0,33.4,0.881,Peak,0,3.587
2023-08-29,431159.0,117541.0,33.0,0.872,Peak,0,3.668
2023-08-30,410832.0,118801.0,33.8,0.891,Peak,0,3.458
2023-08-31,433993.0,118842.0,32.1,0.85,Peak,0,3.652
2023-09-01,433620.0,114456.0,31.5,0.835,Peak,0,3.789
2023-09-02,420971.0,116375.0,35.1,0.923,Peak,0,3.617
2023-09-03,443838.0,119832.0,31.7,0.84,Peak,0,3.704
2023-09-04,434194.0,116154.0,31.9,0.845,Peak,0,3.738
2023-09-05,419186.0,115253.0,34.8,0.915,Peak,0,3.637
2023-09-06,434941.0,120526.0,35.9,0.942,Peak,0,3.609
2023-09-07,408349.0,118297.0,31.8,0.843,Peak,0,3.452
2023-09-08,424157.0,113749.0,32.6,0.862,Peak,0,3.729
2023-09-09,434351.0,118541.0,33.3,0.879,Peak,0,3.664
2023-09-10,437671.0,120588.0,34.7,0.913,Peak,0,3.629
2023-09-11,432391.0,118190.0,32.0,0.848,Peak,0,3.658
2023-09-12,428763.0,119225.0,32.7,0.865,Peak,0,3.596
2023-09-13,416421.0,114686.0,33.7,0.889,Peak,0,3.631
2023-09-14,442215.0,118841.0,33.4,0.881,Peak,0,3.721
2023-09-15,413007.0,116819.0,32.6,0.862,Peak,0,3.535
2023-09-16,434375.0,116484.0,32.8,0.867,Peak,0,3.729
2023-09-17,424434.0,119200.0,31.6,0.838,Peak,0,3.561
2023-09-18,434386.0,121343.0,32.7,0.865,Peak,0,3.58
2023-09-19,463686.0,122131.0,32.7,0.865,Peak,0,3.797
2023-09-20,453776.0,121208.0,33.2,0.877,Peak,0,3.744
2023-09-21,432437.0,117187.0,32.4,0.857,Peak,0,3.69
2023-09-22,423428.0,118895.0,33.4,0.881,Peak,0,3.561
2023-09-23,428226.0,120275.0,34.0,0.896,Peak,0,3.56
2023-09-24,426620.0,118155.0,33.1,0.874,Peak,0,3.611
2023-09-25,428657.0,118294.0,33.3,0.879,Peak,0,3.624
2023-09-26,433045.0,119865.0,33.0,0.872,Peak,0,3.613
2023-09-27,429188.0,117658.0,33.0,0.872,Peak,0,3.648
2023-09-28,417107.0,115523.0,32.2,0.852,Peak,0,3.611
2023-09-29,411597.0,116931.0,33.3,0.879,Peak,0,3.52
2023-09-30,428704.0,119322.0,32.9,0.869,Peak,0,3.593
2023-10-01,435590.0,117031.0,31.6,0.838,Peak,0,3.722
2023-10-02,421718.0,117599.0,31.1,0.826,Peak,0,3.586
2023-10-03,431953.0,117756.0,29.9,0.797,Peak,0,3.668
2023-10-04,413044.0,114477.0,28.7,0.768,Peak,0,3.608
2023-10-05,429831.0,117121.0,28.4,0.76,Peak,0,3.67
2023-10-06,425378.0,117465.0,30.7,0.816,Peak,0,3.621
2023-10-07,428744.0,112925.0,29.8,0.794,Peak,0,3.797
2023-10-08,445425.0,119733.0,30.0,0.799,Peak,0,3.72
2023-10-09,403303.0,113656.0,27.8,0.746,Normal,0,3.548
2023-10-10,417739.0,112219.0,30.4,0.809,Peak,0,3.723
2023-10-11,403313.0,113514.0,30.0,0.799,Peak,0,3.553
2023-10-12,409586.0,112677.0,28.4,0.76,Peak,0,3.635
2023-10-13,429980.0,115705.0,29.0,0.775,Peak,0,3.716
2023-10-14,417681.0,115327.0,29.8,0.794,Peak,0,3.622
2023-10-15,435924.0,115078.0,29.6,0.79,Peak,0,3.788
2023-10-16,420313.0,117239.0,29.2,0.78,Peak,0,3.585
2023-10-17,422901.0,116655.0,29.4,0.785,Peak,0,3.625
2023-10-18,421264.0,116480.0,29.2,0.78,Peak,0,3.617
2023-10-19,423499.0,116991.0,29.7,0.792,Peak,0,3.62
2023-10-20,442952.0,118219.0,31.0,0.823,Peak,0,3.747
2023-10-21,407840.0,109132.0,26.9,0.724,Normal,0,3.737
2023-10-22,439733.0,114825.0,29.3,0.782,Peak,0,3.83
2023-10-23,429966.0,110515.0,29.7,0.792,Peak,0,3.891
2023-10-24,416267.0,116102.0,29.8,0.794,Peak,0,3.585
2023-10-25,427494.0,115609.0,29.1,0.777,Peak,0,3.698
2023-10-26,418620.0,117476.0,27.7,0.744,Normal,0,3.563
2023-10-27,431105.0,118981.0,29.8,0.794,Peak,0,3.623
2023-10-28,421307.0,117301.0,31.2,0.828,Peak,0,3.592
2023-10-29,411931.0,113772.0,28.0,0.751,Peak,0,3.621
2023-10-30,427587.0,117570.0,30.4,0.809,Peak,0,3.637
2023-10-31,418202.0,114370.0,29.2,0.78,Peak,0,3.657
2023-11-01,401965.0,113893.0,26.0,0.702,Normal,0,3.529
2023-11-02,433175.0,115809.0,25.0,0.678,Normal,0,3.74
2023-11-03,409602.0,112341.0,25.7,0.695,Normal,0,3.646
2023-11-04,456979.0,116692.0,27.4,0.736,Normal,0,3.916
2023-11-05,423291.0,115935.0,26.6,0.717,Normal,0,3.651
2023-11-06,417534.0,112521.0,27.8,0.746,Normal,0,3.711
2023-11-07,419618.0,116998.0,27.2,0.731,Normal,0,3.587
2023-11-08,446276.0,115941.0,26.5,0.715,Normal,0,3.849
2023-11-09,436462.0,115163.0,27.8,0.746,Normal,0,3.79
2023-11-10,420839.0,112289.0,26.5,0.715,Normal,0,3.748
2023-11-11,402283.0,112254.0,26.9,0.724,Normal,0,3.584
2023-11-12,419151.0,112460.0,25.8,0.698,Normal,0,3.727
2023-11-13,413476.0,115321.0,26.1,0.705,Normal,0,3.585
2023-11-14,421311.0,111185.0,25.4,0.688,Normal,0,3.789
2023-11-15,437811.0,115565.0,27.0,0.727,Normal,0,3.788
2023-11-16,408235.0,110194.0,24.9,0.676,Normal,0,3.705
2023-11-17,399319.0,113846.0,26.8,0.722,Normal,0,3.508
2023-11-18,411902.0,114124.0,25.9,0.7,Normal,0,3.609
2023-11-19,448445.0,120676.0,27.2,0.731,Normal,0,3.716
2023-11-20,419298.0,110913.0,26.8,0.722,Normal,0,3.78
2023-11-21,450697.0,118634.0,27.9,0.748,Normal,0,3.799
2023-11-22,409344.0,114731.0,26.8,0.722,Normal,0,3.568
2023-11-23,418665.0,114096.0,24.5,0.666,Normal,0,3.669
2023-11-24,429341.0,114192.0,26.0,0.702,Normal,0,3.76
2023-11-25,412169.0,114410.0,24.9,0.676,Normal,0,3.603
2023-11-26,416768.0,113236.0,25.5,0.69,Normal,0,3.681
2023-11-27,432454.0,118428.0,27.6,0.741,Normal,0,3.652
2023-11-28,419569.0,113146.0,26.7,0.719,Normal,0,3.708
2023-11-29,413786.0,116405.0,25.4,0.688,Normal,0,3.555
2023-11-30,409148.0,111733.0,25.0,0.678,Normal,0,3.662
2023-12-01,410405.0,112089.0,23.0,0.63,Normal,0,3.661
2023-12-02,405344.0,108893.0,21.8,0.601,Normal,0,3.722
2023-12-03,411307.0,112987.0,22.3,0.613,Normal,0,3.64
2023-12-04,427880.0,116014.0,23.3,0.637,Normal,0,3.688
2023-12-05,417448.0,112714.0,24.2,0.659,Normal,0,3.704
2023-12-06,418817.0,112070.0,23.6,0.644,Normal,0,3.737
2023-12-07,399022.0,108165.0,20.7,0.574,Normal,0,3.689
2023-12-08,409183.0,111828.0,23.3,0.637,Normal,0,3.659
2023-12-09,404623.0,108304.0,23.1,0.632,Normal,0,3.736
2023-12-10,387855.0,110188.0,23.4,0.64,Normal,0,3.52
2023-12-11,556448.0,113704.0,24.6,0.669,Normal,1,4.894
2023-12-12,425506.0,114365.0,20.9,0.579,Normal,0,3.721
2023-12-13,441774.0,118918.0,22.4,0.615,Normal,0,3.715
2023-12-14,420566.0,111096.0,23.6,0.644,Normal,0,3.786
2023-12-15,408763.0,114931.0,21.4,0.591,Normal,0,3.557
2023-12-16,400618.0,113677.0,24.5,0.666,Normal,0,3.524
2023-12-17,419103.0,112092.0,23.4,0.64,Normal,0,3.739
2023-12-18,419940.0,113758.0,23.8,0.649,Normal,0,3.692
2023-12-19,414645.0,112050.0,22.4,0.615,Normal,0,3.701
2023-12-20,412114.0,112953.0,23.8,0.649,Normal,0,3.649
2023-12-21,424980.0,111817.0,24.1,0.656,Normal,0,3.801
2023-12-22,405575.0,108860.0,23.2,0.635,Normal,0,3.726
2023-12-23,407038.0,108496.0,23.2,0.635,Normal,0,3.752
2023-12-24,413953.0,114034.0,23.3,0.637,Normal,0,3.63
2023-12-25,392009.0,111042.0,22.1,0.608,Normal,0,3.53
2023-12-26,414903.0,110681.0,22.9,0.627,Normal,0,3.749
2023-12-27,419456.0,112146.0,22.8,0.625,Normal,0,3.74
2023-12-28,429926.0,114457.0,23.4,0.64,Normal,0,3.756
2023-12-29,409076.0,113243.0,24.0,0.654,Normal,0,3.612
2023-12-30,406917.0,109979.0,21.9,0.603,Normal,0,3.7
2023-12-31,436367.0,115237.0,22.9,0.627,Normal,0,3.787
2024-01-01,448914.0,116464.0,23.5,0.642,Normal,0,3.855
2024-01-02,413412.0,112533.0,21.3,0.589,Normal,0,3.674
2024-01-03,419994.0,113662.0,21.2,0.586,Normal,0,3.695
2024-01-04,431966.0,114885.0,22.2,0.61,Normal,0,3.76
2024-01-05,429433.0,114950.0,22.8,0.625,Normal,0,3.736
2024-01-06,413945.0,113223.0,22.0,0.606,Normal,0,3.656
2024-01-07,428052.0,113897.0,23.3,0.637,Normal,0,3.758
2024-01-08,421935.0,113470.0,22.9,0.627,Normal,0,3.718
2024-01-09,406099.0,109382.0,22.8,0.625,Normal,0,3.713
2024-01-10,424019.0,113762.0,22.6,0.62,Normal,0,3.727
2024-01-11,397028.0,109563.0,24.3,0.661,Normal,0,3.624
2024-01-12,420275.0,109587.0,21.8,0.601,Normal,0,3.835
2024-01-13,420714.0,113820.0,20.0,0.557,Normal,0,3.696
2024-01-14,420045.0,114663.0,23.6,0.644,Normal,0,3.663
2024-01-15,430693.0,115130.0,21.5,0.594,Normal,0,3.741
2024-01-16,419462.0,111055.0,22.1,0.608,Normal,0,3.777
2024-01-17,391668.0,109520.0,23.3,0.637,Normal,0,3.576
2024-01-18,398307.0,110190.0,20.4,0.567,Normal,0,3.615
2024-01-19,391702.0,111207.0,20.7,0.574,Normal,0,3.522
2024-01-20,409015.0,110988.0,20.4,0.567,Normal,0,3.685
2024-01-21,416024.0,114062.0,21.2,0.586,Normal,0,3.647
2024-01-22,411445.0,110992.0,22.4,0.615,Normal,0,3.707
2024-01-23,420415.0,112844.0,22.5,0.618,Normal,0,3.726
2024-01-24,402216.0,109377.0,22.3,0.613,Normal,0,3.677
2024-01-25,417135.0,112032.0,20.6,0.572,Normal,0,3.723
2024-01-26,408191.0,110408.0,19.7,0.55,Normal,0,3.697
2024-01-27,414051.0,109859.0,22.1,0.608,Normal,0,3.769
2024-01-28,417720.0,110822.0,21.5,0.594,Normal,0,3.769
2024-01-29,406631.0,111504.0,22.5,0.618,Normal,0,3.647
2024-01-30,414831.0,111404.0,22.7,0.623,Normal,0,3.724
2024-01-31,440269.0,116162.0,22.1,0.608,Normal,0,3.79
2024-02-01,421528.0,112707.0,24.3,0.661,Normal,0,3.74
2024-02-02,518192.0,112021.0,23.7,0.647,Normal,1,4.626
2024-02-03,409674.0,107548.0,24.0,0.654,Normal,0,3.809
2024-02-04,398439.0,109889.0,22.8,0.625,Normal,0,3.626
2024-02-05,427831.0,111743.0,23.3,0.637,Normal,0,3.829
2024-02-06,414152.0,110916.0,23.7,0.647,Normal,0,3.734
2024-02-07,429738.0,116407.0,24.3,0.661,Normal,0,3.692
2024-02-08,418750.0,111874.0,23.1,0.632,Normal,0,3.743
2024-02-09,427139.0,116013.0,24.0,0.654,Normal,0,3.682
2024-02-09,427139.0,116013.0,24.0,0.654,Normal,0,3.682
2024-02-10,416253.0,112509.0,23.2,0.635,Normal,0,3.7
2024-02-11,415768.0,112563.0,23.4,0.64,Normal,0,3.694
2024-02-12,416689.0,112731.0,24.3,0.661,Normal,0,3.696
2024-02-13,424706.0,111421.0,21.5,0.594,Normal,0,3.812
2024-02-14,494538.0,116077.0,22.2,0.61,Normal,1,4.26
2024-02-15,387789.0,105889.0,22.0,0.606,Normal,0,3.662
2024-02-16,387338.0,106224.0,21.2,0.586,Normal,0,3.646
2024-02-17,397623.0,110767.0,22.8,0.625,Normal,0,3.59
2024-02-18,397510.0,112943.0,24.2,0.659,Normal,0,3.52
2024-02-19,427653.0,114080.0,23.2,0.635,Normal,0,3.749
2024-02-20,439342.0,113814.0,23.7,0.647,Normal,0,3.86
2024-02-21,422850.0,112176.0,24.6,0.669,Normal,0,3.77
2024-02-22,406928.0,115777.0,24.8,0.673,Normal,0,3.515
2024-02-23,434131.0,115045.0,23.4,0.64,Normal,0,3.774
2024-02-24,430774.0,113758.0,24.9,0.676,Normal,0,3.787
2024-02-25,419243.0,114969.0,23.6,0.644,Normal,0,3.647
2024-02-26,412371.0,112761.0,22.7,0.623,Normal,0,3.657
2024-02-27,389875.0,110767.0,22.9,0.627,Normal,0,3.52
2024-02-28,422179.0,113433.0,22.0,0.606,Normal,0,3.722
2024-02-29,408589.0,112287.0,22.6,0.62,Normal,0,3.639
2024-03-01,,114198.0,26.5,0.715,Normal,0,
2024-03-02,425799.0,118544.0,27.7,0.744,Normal,0,3.592
2024-03-03,404286.0,109218.0,28.6,0.765,Peak,0,3.702
2024-03-04,413026.0,110076.0,25.5,0.69,Normal,0,3.752
2024-03-05,408408.0,111595.0,27.2,0.731,Normal,0,3.66
2024-03-06,406482.0,112896.0,25.8,0.698,Normal,0,3.6
2024-03-07,398086.0,113995.0,27.3,0.734,Normal,0,3.492
2024-03-08,404304.0,110519.0,26.7,0.719,Normal,0,3.658
2024-03-09,408087.0,110881.0,25.0,0.678,Normal,0,3.68
2024-03-10,405115.0,112756.0,27.8,0.746,Normal,0,3.593
2024-03-11,444069.0,120155.0,26.2,0.707,Normal,0,3.696
2024-03-12,432044.0,118584.0,26.3,0.71,Normal,0,3.643
2024-03-13,406243.0,112775.0,25.8,0.698,Normal,0,3.602
2024-03-14,408703.0,113102.0,26.2,0.707,Normal,0,3.614
2024-03-15,420746.0,111759.0,27.3,0.734,Normal,0,3.765
2024-03-16,408805.0,109517.0,26.7,0.719,Normal,0,3.733
2024-03-17,422678.0,114271.0,27.2,0.731,Normal,0,3.699
2024-03-18,421668.0,112068.0,27.2,0.731,Normal,0,3.763
2024-03-19,410690.0,114926.0,28.2,0.756,Peak,0,3.574
2024-03-20,405683.0,110194.0,26.5,0.715,Normal,0,3.682
2024-03-21,415168.0,111669.0,25.4,0.688,Normal,0,3.718
2024-03-22,417841.0,115326.0,27.9,0.748,Normal,0,3.623
2024-03-23,429577.0,115111.0,26.5,0.715,Normal,0,3.732
2024-03-24,419047.0,116067.0,28.0,0.751,Peak,0,3.61
2024-03-25,411215.0,111262.0,27.2,0.731,Normal,0,3.696
2024-03-26,430720.0,116424.0,26.7,0.719,Normal,0,3.7
2024-03-27,392350.0,112562.0,27.2,0.731,Normal,0,3.486
2024-03-28,440375.0,117042.0,28.8,0.77,Peak,0,3.763
2024-03-29,400865.0,115502.0,28.9,0.773,Peak,0,3.471
2024-03-30,401623.0,110961.0,26.9,0.724,Normal,0,3.619
2024-03-31,428606.0,113681.0,27.0,0.727,Normal,0,3.77
2024-04-01,436535.0,118213.0,32.1,0.85,Peak,0,3.693
2024-04-02,414690.0,117774.0,30.2,0.804,Peak,0,3.521
2024-04-03,410733.0,116511.0,31.3,0.831,Peak,0,3.525
2024-04-04,454886.0,120508.0,31.0,0.823,Peak,0,3.775
2024-04-05,416104.0,119382.0,31.3,0.831,Peak,0,3.485
2024-04-06,434235.0,115600.0,30.2,0.804,Peak,0,3.756
2024-04-07,429439.0,117680.0,29.4,0.785,Peak,0,3.649
2024-04-08,430939.0,120363.0,28.9,0.773,Peak,0,3.58
2024-04-09,434867.0,120982.0,29.9,0.797,Peak,0,3.594
2024-04-10,405802.0,113333.0,30.5,0.811,Peak,0,3.581
2024-04-11,427862.0,114202.0,30.7,0.816,Peak,0,3.747
2024-04-12,447677.0,121449.0,32.9,0.869,Peak,0,3.686
2024-04-13,401713.0,114654.0,32.1,0.85,Peak,0,3.504
2024-04-14,409264.0,112821.0,30.0,0.799,Peak,0,3.628
2024-04-15,411247.0,115648.0,31.3,0.831,Peak,0,3.556
2024-04-16,441479.0,117523.0,30.6,0.814,Peak,0,3.757
2024-04-17,413804.0,116262.0,30.7,0.816,Peak,0,3.559
2024-04-18,435423.0,115168.0,31.2,0.828,Peak,0,3.781
2024-04-19,421146.0,115338.0,31.6,0.838,Peak,0,3.651
2024-04-20,409797.0,114737.0,30.7,0.816,Peak,0,3.572
2024-04-21,412983.0,115101.0,32.1,0.85,Peak,0,3.588
2024-04-22,440515.0,121785.0,29.9,0.797,Peak,0,3.617
2024-04-23,551148.0,117423.0,31.0,0.823,Peak,1,4.694
2024-04-24,438809.0,120345.0,33.6,0.886,Peak,0,3.646
2024-04-25,413392.0,115571.0,31.2,0.828,Peak,0,3.577
2024-04-26,406722.0,116996.0,32.4,0.857,Peak,0,3.476
2024-04-27,418759.0,114964.0,31.1,0.826,Peak,0,3.643
2024-04-28,393289.0,110395.0,31.6,0.838,Peak,0,3.563
2024-04-29,409577.0,113188.0,30.9,0.821,Peak,0,3.619
2024-04-30,397382.0,112060.0,30.8,0.819,Peak,0,3.546
2024-05-01,405454.0,112780.0,34.1,0.898,Peak,0,3.595
2024-05-02,445506.0,116083.0,35.3,0.927,Peak,0,3.838
2024-05-03,443727.0,121670.0,34.0,0.896,Peak,0,3.647
2024-05-04,439357.0,119144.0,35.6,0.935,Peak,0,3.688
2024-05-05,427002.0,122688.0,36.0,0.944,Peak,0,3.48
2024-05-06,426847.0,120098.0,35.3,0.927,Peak,0,3.554
2024-05-07,442351.0,120636.0,34.6,0.91,Peak,0,3.667
2024-05-08,411208.0,116888.0,35.4,0.93,Peak,0,3.518
2024-05-09,445534.0,119990.0,34.6,0.91,Peak,0,3.713
2024-05-10,433458.0,121192.0,35.8,0.94,Peak,0,3.577
2024-05-11,417023.0,116410.0,33.1,0.874,Peak,0,3.582
2024-05-12,428387.0,120079.0,34.6,0.91,Peak,0,3.568
2024-05-13,433817.0,119152.0,32.9,0.869,Peak,0,3.641
2024-05-14,419934.0,116639.0,33.4,0.881,Peak,0,3.6
2024-05-15,421833.0,116839.0,36.3,0.952,Peak,0,3.61
2024-05-16,426161.0,116410.0,35.8,0.94,Peak,0,3.661
2024-05-17,428959.0,118689.0,34.2,0.901,Peak,0,3.614
2024-05-18,440055.0,118831.0,33.4,0.881,Peak,0,3.703
2024-05-19,424282.0,115204.0,31.9,0.845,Peak,0,3.683
2024-05-20,433188.0,118654.0,34.4,0.906,Peak,0,3.651
2024-05-21,435298.0,121624.0,37.3,0.976,Peak,0,3.579
2024-05-22,449698.0,120616.0,35.3,0.927,Peak,0,3.728
2024-05-23,440662.0,122399.0,34.3,0.903,Peak,0,3.6
2024-05-24,445034.0,122332.0,35.4,0.93,Peak,0,3.638
2024-05-25,426460.0,115464.0,33.3,0.879,Peak,0,3.693
2024-05-26,465226.0,122889.0,34.6,0.91,Peak,0,3.786
2024-05-27,415595.0,117583.0,35.0,0.92,Peak,0,3.534
2024-05-28,451190.0,121407.0,34.8,0.915,Peak,0,3.716
2024-05-29,,119471.0,35.7,0.937,Peak,0,
2024-05-30,433070.0,117995.0,35.2,0.925,Peak,0,3.67
2024-05-31,432387.0,114736.0,35.6,0.935,Peak,0,3.769
2024-06-01,437186.0,118757.0,35.5,0.932,Peak,0,3.681
2024-06-02,426459.0,116185.0,37.1,0.971,Peak,0,3.671
2024-06-03,440618.0,122892.0,37.8,0.988,Peak,0,3.585
2024-06-04,444246.0,122817.0,35.2,0.925,Peak,0,3.617
2024-06-05,424003.0,117079.0,35.3,0.927,Peak,0,3.622
2024-06-06,432581.0,121068.0,37.5,0.981,Peak,0,3.573
2024-06-07,426114.0,117649.0,36.0,0.944,Peak,0,3.622
2024-06-08,434179.0,118788.0,37.6,0.983,Peak,0,3.655
2024-06-09,437338.0,121306.0,35.8,0.94,Peak,0,3.605
2024-06-10,426168.0,120309.0,37.7,0.985,Peak,0,3.542
2024-06-11,438064.0,123995.0,36.3,0.952,Peak,0,3.533
2024-06-12,438991.0,118532.0,36.5,0.956,Peak,0,3.704
2024-06-13,446798.0,122972.0,37.8,0.988,Peak,0,3.633
2024-06-14,438372.0,119614.0,35.8,0.94,Peak,0,3.665
2024-06-15,448619.0,121060.0,35.3,0.927,Peak,0,3.706
2024-06-16,430466.0,118252.0,35.8,0.94,Peak,0,3.64
2024-06-17,436637.0,119729.0,36.7,0.961,Peak,0,3.647
2024-06-18,434182.0,118391.0,34.6,0.91,Peak,0,3.667
2024-06-19,433435.0,117832.0,36.8,0.964,Peak,0,3.678
2024-06-20,431533.0,120956.0,35.7,0.937,Peak,0,3.568
2024-06-21,460856.0,121824.0,37.3,0.976,Peak,0,3.783
2024-06-22,428744.0,119727.0,33.8,0.891,Peak,0,3.581
2024-06-23,446485.0,122982.0,35.4,0.93,Peak,0,3.63
2024-06-24,448559.0,122257.0,34.5,0.908,Peak,0,3.669
2024-06-25,433066.0,118203.0,35.4,0.93,Peak,0,3.664
2024-06-26,424177.0,120625.0,36.4,0.954,Peak,0,3.516
2024-06-27,437161.0,117903.0,36.0,0.944,Peak,0,3.708
2024-06-28,433462.0,119474.0,35.9,0.942,Peak,0,3.628
2024-06-29,426511.0,117963.0,36.0,0.944,Peak,0,3.616
2024-06-30,466021.0,123742.0,36.4,0.954,Peak,0,3.766
2024-07-01,438646.0,119267.0,34.0,0.896,Peak,0,3.678
2024-07-02,422526.0,118756.0,35.7,0.937,Peak,0,3.558
2024-07-03,460105.0,122285.0,35.7,0.937,Peak,0,3.763
2024-07-04,415367.0,113713.0,35.4,0.93,Peak,0,3.653
2024-07-05,419390.0,114220.0,35.6,0.935,Peak,0,3.672
2024-07-06,459913.0,121061.0,35.3,0.927,Peak,0,3.799
2024-07-07,441761.0,120188.0,37.0,0.969,Peak,0,3.676
2024-07-08,433925.0,119490.0,34.9,0.918,Peak,0,3.631
2024-07-09,414579.0,115433.0,34.7,0.913,Peak,0,3.592
2024-07-10,439849.0,118415.0,34.2,0.901,Peak,0,3.714
2024-07-11,455800.0,123367.0,34.0,0.896,Peak,0,3.695
2024-07-12,438002.0,120303.0,33.8,0.891,Peak,0,3.641
2024-07-13,,118828.0,34.1,0.898,Peak,0,
2024-07-14,431000.0,117766.0,34.9,0.918,Peak,0,3.66
2024-07-15,432964.0,118085.0,35.3,0.927,Peak,0,3.667
2024-07-16,398918.0,113656.0,35.1,0.923,Peak,0,3.51
2024-07-17,422493.0,119117.0,34.2,0.901,Peak,0,3.547
2024-07-18,448907.0,121530.0,35.9,0.942,Peak,0,3.694
2024-07-19,398700.0,115362.0,35.7,0.937,Peak,0,3.456
2024-07-20,431785.0,117141.0,34.8,0.915,Peak,0,3.686
2024-07-21,415544.0,115625.0,34.3,0.903,Peak,0,3.594
2024-07-22,432971.0,116773.0,35.5,0.932,Peak,0,3.708
2024-07-23,427971.0,119159.0,35.2,0.925,Peak,0,3.592
2024-07-24,421293.0,112917.0,33.6,0.886,Peak,0,3.731
2024-07-25,433411.0,120400.0,34.9,0.918,Peak,0,3.6
2024-07-26,439675.0,120956.0,35.3,0.927,Peak,0,3.635
2024-07-27,431325.0,117776.0,34.1,0.898,Peak,0,3.662
2024-07-28,412693.0,112823.0,35.2,0.925,Peak,0,3.658
2024-07-29,433990.0,115591.0,33.5,0.884,Peak,0,3.755
2024-07-30,439057.0,122728.0,36.3,0.952,Peak,0,3.577
2024-07-31,416033.0,112632.0,36.2,0.949,Peak,0,3.694
2024-08-01,438614.0,117259.0,33.6,0.886,Peak,0,3.741
2024-08-02,427219.0,115569.0,34.3,0.903,Peak,0,3.697
2024-08-03,453094.0,118966.0,31.5,0.835,Peak,0,3.809
2024-08-04,415616.0,115957.0,32.7,0.865,Peak,0,3.584
2024-08-05,429723.0,119138.0,33.6,0.886,Peak,0,3.607
2024-08-06,427419.0,119105.0,32.8,0.867,Peak,0,3.589
2024-08-07,454404.0,123271.0,34.6,0.91,Peak,0,3.686
2024-08-08,439182.0,118909.0,35.9,0.942,Peak,0,3.693
2024-08-09,431346.0,118585.0,32.7,0.865,Peak,0,3.637
2024-08-10,411536.0,114139.0,33.1,0.874,Peak,0,3.606
2024-08-11,448219.0,121380.0,34.1,0.898,Peak,0,3.693
2024-08-12,417443.0,117285.0,35.5,0.932,Peak,0,3.559
2024-08-13,438982.0,116243.0,32.7,0.865,Peak,0,3.776
2024-08-14,460103.0,118348.0,34.1,0.898,Peak,0,3.888
2024-08-15,511519.0,115394.0,35.7,0.937,Peak,1,4.433
2024-08-16,436784.0,117918.0,32.2,0.852,Peak,0,3.704
2024-08-17,433614.0,119995.0,32.6,0.862,Peak,0,3.614
2024-08-18,414913.0,118814.0,33.5,0.884,Peak,0,3.492
2024-08-19,409941.0,114041.0,33.4,0.881,Peak,0,3.595
2024-08-20,426020.0,118439.0,34.7,0.913,Peak,0,3.597
2024-08-21,424493.0,120259.0,34.1,0.898,Peak,0,3.53
2024-08-22,425384.0,112605.0,32.1,0.85,Peak,0,3.778
2024-08-23,423973.0,115901.0,34.4,0.906,Peak,0,3.658
2024-08-24,445714.0,120158.0,33.3,0.879,Peak,0,3.709
2024-08-25,551932.0,119700.0,35.2,0.925,Peak,1,4.611
2024-08-26,434636.0,118997.0,33.3,0.879,Peak,0,3.652
2024-08-27,456264.0,122616.0,33.3,0.879,Peak,0,3.721
2024-08-28,438216.0,119759.0,34.4,0.906,Peak,0,3.659
2024-08-29,442115.0,120394.0,34.7,0.913,Peak,0,3.672
2024-08-30,453938.0,125296.0,34.3,0.903,Peak,0,3.623
2024-08-31,426990.0,116811.0,32.2,0.852,Peak,0,3.655
2024-09-01,413632.0,116087.0,33.5,0.884,Peak,0,3.563
2024-09-02,410943.0,118254.0,31.9,0.845,Peak,0,3.475
2024-09-03,429667.0,119018.0,33.2,0.877,Peak,0,3.61
2024-09-04,424240.0,115638.0,31.5,0.835,Peak,0,3.669
2024-09-05,415076.0,115432.0,33.4,0.881,Peak,0,3.596
2024-09-06,443725.0,123075.0,32.1,0.85,Peak,0,3.605
2024-09-07,432718.0,117887.0,31.7,0.84,Peak,0,3.671
2024-09-08,400783.0,116366.0,33.7,0.889,Peak,0,3.444
2024-09-09,428297.0,120211.0,33.2,0.877,Peak,0,3.563
2024-09-10,431142.0,117142.0,32.3,0.855,Peak,0,3.681
2024-09-11,432741.0,117956.0,34.4,0.906,Peak,0,3.669
2024-09-12,422184.0,118936.0,32.5,0.86,Peak,0,3.55
2024-09-13,420363.0,114576.0,33.0,0.872,Peak,0,3.669
2024-09-14,442064.0,118803.0,33.2,0.877,Peak,0,3.721
2024-09-15,449770.0,122197.0,32.3,0.855,Peak,0,3.681
2024-09-16,436633.0,119178.0,33.4,0.881,Peak,0,3.664
2024-09-17,424037.0,116520.0,32.4,0.857,Peak,0,3.639
2024-09-18,421844.0,116262.0,32.5,0.86,Peak,0,3.628
2024-09-19,428514.0,117493.0,34.3,0.903,Peak,0,3.647
2024-09-20,429197.0,116550.0,31.9,0.845,Peak,0,3.683
2024-09-21,520959.0,115458.0,30.5,0.811,Peak,1,4.512
2024-09-22,439231.0,120971.0,34.6,0.91,Peak,0,3.631
2024-09-23,426284.0,114853.0,35.5,0.932,Peak,0,3.712
2024-09-24,438007.0,119685.0,32.5,0.86,Peak,0,3.66
2024-09-25,436745.0,115730.0,31.0,0.823,Peak,0,3.774
2024-09-26,447245.0,118518.0,32.6,0.862,Peak,0,3.774
2024-09-27,,114828.0,32.7,0.865,Peak,0,
2024-09-28,432047.0,121013.0,32.8,0.867,Peak,0,3.57
2024-09-29,451928.0,120253.0,31.8,0.843,Peak,0,3.758
2024-09-30,445240.0,120481.0,33.5,0.884,Peak,0,3.696
2024-10-01,399722.0,112340.0,30.0,0.799,Peak,0,3.558
2024-10-02,420594.0,117096.0,28.0,0.751,Peak,0,3.592
2024-10-03,438526.0,117254.0,30.2,0.804,Peak,0,3.74
2024-10-04,411058.0,113011.0,31.6,0.838,Peak,0,3.637
2024-10-05,422100.0,115905.0,29.7,0.792,Peak,0,3.642
2024-10-06,441683.0,116601.0,29.2,0.78,Peak,0,3.788
2024-10-07,423739.0,117195.0,29.4,0.785,Peak,0,3.616
2024-10-08,420419.0,116639.0,30.1,0.802,Peak,0,3.604
2024-10-09,426547.0,115636.0,27.8,0.746,Normal,0,3.689
2024-10-10,445690.0,119650.0,29.7,0.792,Peak,0,3.725
2024-10-11,441934.0,118686.0,29.1,0.777,Peak,0,3.724
2024-10-12,412323.0,109695.0,31.3,0.831,Peak,0,3.759
2024-10-13,421735.0,114942.0,29.3,0.782,Peak,0,3.669
2024-10-14,427624.0,116382.0,31.2,0.828,Peak,0,3.674
2024-10-15,403565.0,110850.0,28.4,0.76,Peak,0,3.641
2024-10-16,425614.0,116431.0,30.1,0.802,Peak,0,3.656
2024-10-17,440143.0,119134.0,29.8,0.794,Peak,0,3.695
2024-10-18,418755.0,112629.0,28.6,0.765,Peak,0,3.718
2024-10-19,435185.0,116807.0,29.7,0.792,Peak,0,3.726
2024-10-20,428058.0,114228.0,30.7,0.816,Peak,0,3.747
2024-10-21,423101.0,114010.0,29.2,0.78,Peak,0,3.711
2024-10-22,428843.0,118601.0,27.8,0.746,Normal,0,3.616
2024-10-23,490376.0,114495.0,29.5,0.787,Peak,1,4.283
2024-10-24,432308.0,116501.0,28.6,0.765,Peak,0,3.711
2024-10-25,409328.0,111012.0,29.2,0.78,Peak,0,3.687
2024-10-26,463371.0,120461.0,29.4,0.785,Peak,0,3.847
2024-10-27,422009.0,116415.0,27.8,0.746,Normal,0,3.625
2024-10-28,422144.0,114498.0,27.9,0.748,Normal,0,3.687
2024-10-29,436666.0,117566.0,30.0,0.799,Peak,0,3.714
2024-10-30,538789.0,112050.0,29.0,0.775,Peak,1,4.808
2024-10-31,451328.0,117358.0,26.9,0.724,Normal,0,3.846
2024-11-01,423756.0,113546.0,26.8,0.722,Normal,0,3.732
2024-11-02,418011.0,113570.0,26.3,0.71,Normal,0,3.681
2024-11-03,403152.0,112276.0,25.3,0.685,Normal,0,3.591
2024-11-04,410784.0,111731.0,24.7,0.671,Normal,0,3.677
2024-11-05,434229.0,116139.0,26.9,0.724,Normal,0,3.739
2024-11-06,430564.0,114766.0,26.4,0.712,Normal,0,3.752
2024-11-07,433926.0,116859.0,28.4,0.76,Peak,0,3.713
2024-11-08,426382.0,114173.0,26.5,0.715,Normal,0,3.735
2024-11-09,422014.0,115409.0,26.4,0.712,Normal,0,3.657
2024-11-10,409516.0,112803.0,25.9,0.7,Normal,0,3.63
2024-11-11,461450.0,119976.0,26.9,0.724,Normal,0,3.846
2024-11-12,410408.0,110367.0,26.7,0.719,Normal,0,3.719
2024-11-13,419571.0,117784.0,27.3,0.734,Normal,0,3.562
2024-11-14,420769.0,117040.0,25.5,0.69,Normal,0,3.595
2024-11-15,401347.0,111559.0,25.6,0.693,Normal,0,3.598
2024-11-16,445666.0,119262.0,25.6,0.693,Normal,0,3.737
2024-11-17,427707.0,116845.0,26.8,0.722,Normal,0,3.66
2024-11-18,432898.0,117175.0,27.5,0.739,Normal,0,3.694
2024-11-19,421430.0,113759.0,25.6,0.693,Normal,0,3.705
2024-11-20,425988.0,113146.0,25.6,0.693,Normal,0,3.765
2024-11-21,,113602.0,26.4,0.712,Normal,0,
2024-11-22,413044.0,114780.0,25.8,0.698,Normal,0,3.599
2024-11-23,436934.0,117974.0,27.0,0.727,Normal,0,3.704
2024-11-24,424840.0,113130.0,23.8,0.649,Normal,0,3.755
2024-11-25,413562.0,111180.0,25.2,0.683,Normal,0,3.72
2024-11-26,417324.0,115566.0,25.3,0.685,Normal,0,3.611
2024-11-27,429680.0,114934.0,23.7,0.647,Normal,0,3.738
2024-11-28,414925.0,115050.0,25.1,0.681,Normal,0,3.606
2024-11-29,421501.0,115277.0,25.1,0.681,Normal,0,3.656
2024-11-30,408126.0,113127.0,25.8,0.698,Normal,0,3.608
2024-12-01,417778.0,110516.0,24.1,0.656,Normal,0,3.78
2024-12-02,410389.0,109955.0,22.8,0.625,Normal,0,3.732
2024-12-03,400179.0,107599.0,22.0,0.606,Normal,0,3.719
2024-12-04,431131.0,112763.0,22.9,0.627,Normal,0,3.823
2024-12-05,441363.0,112583.0,24.0,0.654,Normal,0,3.92
2024-12-06,391743.0,110588.0,22.0,0.606,Normal,0,3.542
2024-12-07,383010.0,104345.0,22.1,0.608,Normal,0,3.671
2024-12-08,397524.0,109444.0,23.6,0.644,Normal,0,3.632
2024-12-09,412795.0,114927.0,22.8,0.625,Normal,0,3.592
2024-12-10,403379.0,110900.0,23.6,0.644,Normal,0,3.637
2024-12-11,413945.0,113141.0,23.0,0.63,Normal,0,3.659
2024-12-12,391655.0,109154.0,23.7,0.647,Normal,0,3.588
2024-12-13,429718.0,115285.0,22.0,0.606,Normal,0,3.727
2024-12-14,417586.0,111880.0,23.0,0.63,Normal,0,3.732
2024-12-15,421706.0,112850.0,22.8,0.625,Normal,0,3.737
2024-12-16,435399.0,117387.0,21.8,0.601,Normal,0,3.709
2024-12-17,433418.0,115134.0,21.4,0.591,Normal,0,3.764
2024-12-18,408532.0,111865.0,23.7,0.647,Normal,0,3.652
2024-12-19,433386.0,110527.0,22.6,0.62,Normal,0,3.921
2024-12-20,412568.0,110874.0,22.0,0.606,Normal,0,3.721
2024-12-21,395811.0,113446.0,22.9,0.627,Normal,0,3.489
2024-12-22,407765.0,112575.0,24.1,0.656,Normal,0,3.622
2024-12-23,398282.0,109964.0,20.7,0.574,Normal,0,3.622
2024-12-24,430877.0,115080.0,21.5,0.594,Normal,0,3.744
2024-12-25,416937.0,111448.0,22.1,0.608,Normal,0,3.741
2024-12-26,430626.0,118817.0,24.5,0.666,Normal,0,3.624
2024-12-27,437129.0,112628.0,23.3,0.637,Normal,0,3.881
2024-12-27,437129.0,112628.0,23.3,0.637,Normal,0,3.881
2024-12-28,435373.0,117140.0,23.8,0.649,Normal,0,3.717
2024-12-29,423691.0,112512.0,21.9,0.603,Normal,0,3.766
2024-12-30,409667.0,114026.0,21.9,0.603,Normal,0,3.593
2024-12-31,398309.0,110658.0,23.4,0.64,Normal,0,3.599
